customer_id,customer_name,email,signup_date,segment,region,created_at
1,Brooks-Mcgrath,uthomas@example.net,2025-02-13,Mid-Market,Asia Pacific,2026-01-06 22:47:43.665433
2,Yang-Robinson,thomasluis@example.net,2025-09-27,SMB,Asia Pacific,2026-01-06 22:47:43.665433
3,Perez Group,qsmith@example.com,2025-09-23,SMB,Europe,2026-01-06 22:47:43.665433
4,Ramirez-Sampson,jpierce@example.org,2025-05-28,Enterprise,Europe,2026-01-06 22:47:43.665433
5,Mcdowell-Floyd,wgutierrez@example.org,2024-03-25,Enterprise,Latin America,2026-01-06 22:47:43.665433
6,Zimmerman PLC,rcampbell@example.com,2025-02-16,SMB,Latin America,2026-01-06 22:47:43.665433
7,Vazquez-Adkins,heatherlewis@example.com,2025-12-11,SMB,Latin America,2026-01-06 22:47:43.665433
8,Hicks PLC,richardferguson@example.org,2024-09-15,SMB,Europe,2026-01-06 22:47:43.665433
9,Knapp Ltd,sharonwilliams@example.com,2024-04-27,SMB,North America,2026-01-06 22:47:43.665433
10,Grant PLC,juareznicholas@example.net,2024-03-19,Mid-Market,North America,2026-01-06 22:47:43.665433
11,"Thompson, Hernandez and Moody",mia89@example.com,2025-06-23,SMB,Asia Pacific,2026-01-06 22:47:43.665433
12,"Greer, Ibarra and Contreras",hooperjenny@example.com,2025-09-04,Enterprise,Latin America,2026-01-06 22:47:43.665433
13,Mathis PLC,sandra05@example.org,2025-01-09,SMB,Latin America,2026-01-06 22:47:43.665433
14,Santana Inc,melanie02@example.org,2024-06-11,SMB,North America,2026-01-06 22:47:43.665433
15,"Klein, Rios and Tran",carrie78@example.net,2024-02-08,Mid-Market,Latin America,2026-01-06 22:47:43.665433
16,"Mcdonald, Willis and Conner",lori98@example.com,2025-07-22,Mid-Market,North America,2026-01-06 22:47:43.665433
17,Gonzalez-Houston,johnsonmichael@example.com,2024-07-07,Mid-Market,North America,2026-01-06 22:47:43.665433
18,Ortiz and Sons,egardner@example.org,2025-01-25,SMB,Latin America,2026-01-06 22:47:43.665433
19,Daniels-Graham,thomastyler@example.com,2025-07-22,SMB,North America,2026-01-06 22:47:43.665433
20,Bennett Ltd,qbaker@example.org,2025-05-15,Mid-Market,Latin America,2026-01-06 22:47:43.665433
21,"Riley, Jones and Cooper",grussell@example.com,2024-09-20,SMB,Europe,2026-01-06 22:47:43.665433
22,Moore-Johnson,wrightkevin@example.net,2024-09-18,SMB,North America,2026-01-06 22:47:43.665433
23,"Black, Underwood and Robinson",wilkinstony@example.net,2025-04-13,SMB,North America,2026-01-06 22:47:43.665433
24,Clarke-Archer,michaelortega@example.com,2024-07-03,Mid-Market,Asia Pacific,2026-01-06 22:47:43.665433
25,"Padilla, Williams and Ochoa",wmorgan@example.net,2024-10-10,SMB,Europe,2026-01-06 22:47:43.665433
26,Combs Inc,louis24@example.com,2025-05-17,SMB,Asia Pacific,2026-01-06 22:47:43.665433
27,"Diaz, Juarez and Young",walkeralicia@example.net,2025-03-27,Mid-Market,Latin America,2026-01-06 22:47:43.665433
28,Anderson Inc,jason61@example.org,2024-11-19,Mid-Market,Asia Pacific,2026-01-06 22:47:43.665433
29,"Williams, Richardson and Carney",delgadocorey@example.org,2025-04-23,Mid-Market,Europe,2026-01-06 22:47:43.665433
30,Brown PLC,kennethyoung@example.net,2024-02-03,SMB,Latin America,2026-01-06 22:47:43.665433
31,Navarro Inc,riveraamanda@example.com,2024-01-07,SMB,Latin America,2026-01-06 22:47:43.665433
32,Velazquez-Jackson,kcruz@example.org,2024-03-18,SMB,Asia Pacific,2026-01-06 22:47:43.665433
33,"Orr, Wong and Miranda",qstein@example.net,2024-11-26,SMB,Asia Pacific,2026-01-06 22:47:43.665433
34,Frederick and Sons,psmith@example.org,2025-03-30,Mid-Market,Latin America,2026-01-06 22:47:43.665433
35,George Inc,seth93@example.org,2024-07-09,SMB,North America,2026-01-06 22:47:43.665433
36,Brown-Zamora,jmorgan@example.com,2024-11-09,SMB,North America,2026-01-06 22:47:43.665433
37,"Smith, Jackson and Rice",lindahall@example.net,2025-04-14,Mid-Market,Asia Pacific,2026-01-06 22:47:43.665433
38,Preston-Case,rogerstiffany@example.net,2024-09-01,SMB,Asia Pacific,2026-01-06 22:47:43.665433
39,Brown Ltd,briggsroger@example.com,2024-06-19,Mid-Market,North America,2026-01-06 22:47:43.665433
40,Zimmerman Inc,hburns@example.net,2025-09-27,SMB,North America,2026-01-06 22:47:43.665433
41,Howard-Sanchez,steven01@example.org,2024-05-03,SMB,Europe,2026-01-06 22:47:43.665433
42,Caldwell Inc,brownjoshua@example.com,2024-10-28,SMB,North America,2026-01-06 22:47:43.665433
43,"Alvarez, Hebert and Adams",virginiarodriguez@example.net,2024-09-08,SMB,North America,2026-01-06 22:47:43.665433
44,"Morris, Espinoza and Snow",rcurtis@example.org,2025-03-07,SMB,Asia Pacific,2026-01-06 22:47:43.665433
45,"Mata, Jackson and Williams",chaddiaz@example.com,2024-08-21,SMB,North America,2026-01-06 22:47:43.665433
46,Byrd LLC,velasqueztroy@example.net,2025-05-29,Mid-Market,Asia Pacific,2026-01-06 22:47:43.665433
47,Zavala-Clay,obrock@example.net,2025-09-16,SMB,Europe,2026-01-06 22:47:43.665433
48,Young LLC,barrerabrandon@example.com,2024-01-11,Mid-Market,Latin America,2026-01-06 22:47:43.665433
49,Padilla-Jones,deborah66@example.com,2025-01-09,Mid-Market,Asia Pacific,2026-01-06 22:47:43.665433
50,Watson and Sons,blopez@example.com,2024-01-03,Mid-Market,Europe,2026-01-06 22:47:43.665433
51,"Atkins, Jenkins and Allen",ekramer@example.net,2024-04-11,SMB,Latin America,2026-01-06 22:47:43.665433
52,Hall-Bennett,robertnorris@example.com,2024-01-29,SMB,Europe,2026-01-06 22:47:43.665433
53,Waller and Sons,jasmine54@example.org,2025-04-21,Mid-Market,Latin America,2026-01-06 22:47:43.665433
54,White-Williams,nbond@example.com,2024-06-08,SMB,Latin America,2026-01-06 22:47:43.665433
55,Miller-Suarez,howellmorgan@example.com,2024-05-29,Mid-Market,Asia Pacific,2026-01-06 22:47:43.665433
56,Sims LLC,paulfuller@example.com,2025-07-20,SMB,Europe,2026-01-06 22:47:43.665433
57,Petersen-Wiggins,mfaulkner@example.net,2025-05-20,Mid-Market,Europe,2026-01-06 22:47:43.665433
58,Hubbard Ltd,angelahiggins@example.org,2024-06-12,SMB,North America,2026-01-06 22:47:43.665433
59,Adkins-Joyce,martintyler@example.net,2024-11-23,SMB,Europe,2026-01-06 22:47:43.665433
60,"Church, Buchanan and Branch",travis17@example.org,2024-12-12,SMB,Asia Pacific,2026-01-06 22:47:43.665433
61,Johnson LLC,sarah63@example.com,2024-04-24,SMB,Asia Pacific,2026-01-06 22:47:43.665433
62,"Collins, Taylor and Jones",joel02@example.org,2025-12-10,SMB,North America,2026-01-06 22:47:43.665433
63,House-Williams,ltanner@example.com,2024-01-11,SMB,North America,2026-01-06 22:47:43.665433
64,Brown Group,tiffany17@example.org,2024-01-10,Mid-Market,North America,2026-01-06 22:47:43.665433
65,"Ramos, Russell and Cook",tbrennan@example.net,2024-01-10,Mid-Market,Europe,2026-01-06 22:47:43.665433
66,Warner-Gregory,erinayala@example.com,2025-03-04,SMB,Asia Pacific,2026-01-06 22:47:43.665433
67,"Berry, Nelson and Davis",hrogers@example.net,2024-03-19,Mid-Market,Europe,2026-01-06 22:47:43.665433
68,"Levine, Wilkinson and Clayton",frank71@example.com,2025-08-13,Mid-Market,North America,2026-01-06 22:47:43.665433
69,"Stein, Thompson and Kelly",roberthuynh@example.org,2024-06-18,Mid-Market,Europe,2026-01-06 22:47:43.665433
70,"Kim, Stanley and Clark",ahall@example.com,2025-07-25,Mid-Market,Asia Pacific,2026-01-06 22:47:43.665433
71,Stevenson-Jackson,schmidtlynn@example.net,2024-08-15,Mid-Market,Latin America,2026-01-06 22:47:43.665433
72,"Neal, Torres and Padilla",michaelramirez@example.net,2025-04-09,SMB,Latin America,2026-01-06 22:47:43.665433
73,"Evans, Chandler and Cummings",hstein@example.net,2024-04-25,SMB,Europe,2026-01-06 22:47:43.665433
74,Fuentes-Clark,michael88@example.org,2024-06-21,SMB,North America,2026-01-06 22:47:43.665433
75,Acosta and Sons,amanda75@example.org,2024-09-07,SMB,Europe,2026-01-06 22:47:43.665433
76,Salas LLC,michaelhernandez@example.net,2025-07-23,SMB,North America,2026-01-06 22:47:43.665433
77,Aguilar-Aguilar,ygallagher@example.net,2024-01-03,SMB,Europe,2026-01-06 22:47:43.665433
78,Hanson-Summers,jcalderon@example.com,2025-08-22,SMB,North America,2026-01-06 22:47:43.665433
79,Smith-Richards,elizabeth98@example.com,2024-07-12,SMB,Latin America,2026-01-06 22:47:43.665433
80,Richards PLC,robinsonjames@example.net,2024-07-06,SMB,North America,2026-01-06 22:47:43.665433
81,Cohen and Sons,phillipsdonna@example.org,2024-03-26,SMB,Europe,2026-01-06 22:47:43.665433
82,Lewis PLC,holtjoseph@example.org,2024-10-12,SMB,Europe,2026-01-06 22:47:43.665433
83,Thomas Inc,hbrown@example.com,2024-08-28,Enterprise,Europe,2026-01-06 22:47:43.665433
84,Montoya-Costa,traviswells@example.org,2024-04-06,SMB,Europe,2026-01-06 22:47:43.665433
85,"Nelson, Howell and Knapp",sanchezglen@example.org,2024-11-28,SMB,Europe,2026-01-06 22:47:43.665433
86,Mcdowell-Graham,ulogan@example.com,2024-10-02,SMB,Asia Pacific,2026-01-06 22:47:43.665433
87,Rodriguez Group,maria42@example.org,2024-08-27,SMB,Latin America,2026-01-06 22:47:43.665433
88,Wolfe-Harper,lorrainehudson@example.com,2024-10-11,Mid-Market,Europe,2026-01-06 22:47:43.665433
89,"James, Martinez and Osborne",burtonholly@example.com,2025-02-27,SMB,North America,2026-01-06 22:47:43.665433
90,Kidd-Harrison,emily63@example.org,2025-11-02,SMB,North America,2026-01-06 22:47:43.665433
91,Perez-Travis,bwilson@example.com,2024-03-17,SMB,Latin America,2026-01-06 22:47:43.665433
92,"Chan, Alvarado and Bennett",cynthiastanley@example.net,2025-06-17,SMB,Latin America,2026-01-06 22:47:43.665433
93,Phelps-Cook,jamesterry@example.net,2024-02-23,Enterprise,Asia Pacific,2026-01-06 22:47:43.665433
94,Martinez LLC,dayvictoria@example.com,2024-04-02,SMB,Asia Pacific,2026-01-06 22:47:43.665433
95,"Miller, Glass and Hayes",snewman@example.net,2025-08-17,Mid-Market,Asia Pacific,2026-01-06 22:47:43.665433
96,Shaffer-Vargas,delgadocassandra@example.com,2025-06-21,Mid-Market,North America,2026-01-06 22:47:43.665433
97,Herrera PLC,ohamilton@example.org,2025-05-08,SMB,Latin America,2026-01-06 22:47:43.665433
98,Taylor-Sutton,thomasharris@example.org,2024-12-10,Mid-Market,Asia Pacific,2026-01-06 22:47:43.665433
99,"Reyes, Thompson and Little",vasquezjason@example.org,2025-08-21,SMB,Europe,2026-01-06 22:47:43.665433
100,Walter and Sons,aalexander@example.org,2025-02-13,Enterprise,Latin America,2026-01-06 22:47:43.665433
101,"Murray, Rodriguez and Baxter",reedtravis@example.org,2024-05-02,Enterprise,Europe,2026-01-06 22:47:43.665433
102,Brady-Walter,tammy20@example.net,2024-10-23,SMB,Latin America,2026-01-06 22:47:43.665433
103,Powell and Sons,perezkyle@example.org,2025-07-07,SMB,Latin America,2026-01-06 22:47:43.665433
104,Cantu-Myers,gperry@example.net,2025-09-04,SMB,Europe,2026-01-06 22:47:43.665433
105,"Alexander, Harris and Davis",kkaiser@example.org,2025-08-09,Mid-Market,Europe,2026-01-06 22:47:43.665433
106,Day-Moore,ballardrobert@example.net,2024-05-13,SMB,Europe,2026-01-06 22:47:43.665433
107,Gray and Sons,fowlerdanielle@example.net,2024-05-25,SMB,North America,2026-01-06 22:47:43.665433
108,Chavez-Coleman,edwardconner@example.com,2024-10-03,Enterprise,Europe,2026-01-06 22:47:43.665433
109,"Olson, Orozco and Choi",martinpatty@example.org,2024-01-21,SMB,Europe,2026-01-06 22:47:43.665433
110,Garcia LLC,robertmarshall@example.net,2024-04-23,Mid-Market,North America,2026-01-06 22:47:43.665433
111,Hamilton-Howell,randerson@example.net,2024-01-21,SMB,Asia Pacific,2026-01-06 22:47:43.665433
112,Nelson LLC,smithjocelyn@example.com,2024-12-19,SMB,Latin America,2026-01-06 22:47:43.665433
113,Martin-Lopez,karenmartin@example.net,2025-04-17,SMB,North America,2026-01-06 22:47:43.665433
114,Terrell-Perez,montesjames@example.org,2025-10-09,Enterprise,Asia Pacific,2026-01-06 22:47:43.665433
115,Kim Group,lamdavid@example.org,2024-02-17,SMB,Asia Pacific,2026-01-06 22:47:43.665433
116,Howard-Morales,emolina@example.org,2025-05-03,Enterprise,Europe,2026-01-06 22:47:43.665433
117,Gardner Inc,john08@example.com,2025-12-15,SMB,North America,2026-01-06 22:47:43.665433
118,Murphy LLC,stevecole@example.com,2025-06-25,SMB,Latin America,2026-01-06 22:47:43.665433
119,"Herrera, Gonzales and Marsh",mclarke@example.org,2024-02-18,Mid-Market,Asia Pacific,2026-01-06 22:47:43.665433
120,Howard-Higgins,walkerdonald@example.org,2024-02-03,Mid-Market,Europe,2026-01-06 22:47:43.665433
121,Williams-Johnson,scotttracey@example.org,2024-08-05,Mid-Market,Asia Pacific,2026-01-06 22:47:43.665433
122,Middleton-Taylor,davistaylor@example.net,2024-02-23,SMB,Latin America,2026-01-06 22:47:43.665433
123,Kidd-Fox,michelle37@example.net,2024-04-11,SMB,Europe,2026-01-06 22:47:43.665433
124,Jensen Ltd,gary90@example.com,2024-06-13,Mid-Market,North America,2026-01-06 22:47:43.665433
125,Anderson-Charles,vjones@example.net,2025-11-11,SMB,Asia Pacific,2026-01-06 22:47:43.665433
126,Shepherd PLC,sharonrussell@example.net,2024-12-31,SMB,North America,2026-01-06 22:47:43.665433
127,"White, Hobbs and Barnes",kathleenbentley@example.com,2024-08-13,Mid-Market,Asia Pacific,2026-01-06 22:47:43.665433
128,"Flynn, Johnston and Smith",browncameron@example.net,2024-06-03,Mid-Market,Asia Pacific,2026-01-06 22:47:43.665433
129,Bray Group,michael45@example.net,2024-02-29,SMB,North America,2026-01-06 22:47:43.665433
130,Wilson-Harrison,hullkevin@example.net,2024-07-07,Mid-Market,North America,2026-01-06 22:47:43.665433
131,Reynolds and Sons,pperry@example.com,2025-07-16,Enterprise,Latin America,2026-01-06 22:47:43.665433
132,"Barr, Wolf and Clarke",reedjonathan@example.com,2025-10-21,SMB,Europe,2026-01-06 22:47:43.665433
133,Gutierrez Ltd,calderonkyle@example.org,2024-03-12,SMB,Latin America,2026-01-06 22:47:43.665433
134,Wu-Martin,edward43@example.net,2025-08-20,Mid-Market,Latin America,2026-01-06 22:47:43.665433
135,Rangel-Hernandez,daniel34@example.net,2025-02-06,Mid-Market,Europe,2026-01-06 22:47:43.665433
136,"Fields, Walton and Scott",piercejennifer@example.net,2024-12-20,SMB,Europe,2026-01-06 22:47:43.665433
137,Velasquez PLC,gregory85@example.org,2024-03-24,Enterprise,Latin America,2026-01-06 22:47:43.665433
138,Austin Group,villanuevajoseph@example.net,2025-11-10,SMB,Europe,2026-01-06 22:47:43.665433
139,Smith-Tate,johnhill@example.org,2025-08-19,SMB,North America,2026-01-06 22:47:43.665433
140,Valdez and Sons,troymartinez@example.com,2025-01-21,Mid-Market,Europe,2026-01-06 22:47:43.665433
141,"Ballard, Smith and Dunlap",jeremysmith@example.com,2025-12-30,Mid-Market,Asia Pacific,2026-01-06 22:47:43.665433
142,Green and Sons,katherinefrancis@example.com,2025-09-19,Mid-Market,North America,2026-01-06 22:47:43.665433
143,Green-Smith,davidhill@example.net,2024-08-30,SMB,North America,2026-01-06 22:47:43.665433
144,"Smith, Duran and Adams",gilberttina@example.net,2024-04-15,Mid-Market,Latin America,2026-01-06 22:47:43.665433
145,Frederick Group,lisabrown@example.com,2025-04-24,Mid-Market,Europe,2026-01-06 22:47:43.665433
146,"Rivera, Holmes and Alexander",robinmiller@example.com,2025-08-08,SMB,North America,2026-01-06 22:47:43.665433
147,Smith PLC,danielmunoz@example.com,2024-02-19,SMB,Asia Pacific,2026-01-06 22:47:43.665433
148,"Hernandez, Taylor and Moss",seanwilliams@example.net,2025-11-03,SMB,Asia Pacific,2026-01-06 22:47:43.665433
149,Benitez-Carrillo,contrerasmartin@example.net,2025-08-22,Enterprise,Europe,2026-01-06 22:47:43.665433
150,Watson Group,christopher45@example.org,2025-03-21,Mid-Market,North America,2026-01-06 22:47:43.665433
151,Gardner LLC,lisarobinson@example.net,2025-01-12,SMB,North America,2026-01-06 22:47:43.665433
152,Mccormick Ltd,mgarcia@example.net,2025-03-13,Enterprise,North America,2026-01-06 22:47:43.665433
153,"Mitchell, Wilson and Mccullough",amanda05@example.net,2024-10-01,Mid-Market,Europe,2026-01-06 22:47:43.665433
154,Brooks-Ferguson,smitchell@example.org,2024-11-26,SMB,Asia Pacific,2026-01-06 22:47:43.665433
155,Weaver-Kelley,curtisryan@example.net,2024-06-24,SMB,Asia Pacific,2026-01-06 22:47:43.665433
156,"Moore, Orr and Olson",ashleypalmer@example.net,2025-04-18,Enterprise,Europe,2026-01-06 22:47:43.665433
157,"Martin, Carrillo and Turner",paige72@example.com,2024-10-08,Mid-Market,North America,2026-01-06 22:47:43.665433
158,Hall Group,kimberlysherman@example.com,2025-09-02,SMB,North America,2026-01-06 22:47:43.665433
159,"Weaver, Erickson and Black",cpierce@example.net,2025-09-11,Mid-Market,Latin America,2026-01-06 22:47:43.665433
160,"Simon, Brooks and Smith",jenny75@example.org,2025-05-28,SMB,Latin America,2026-01-06 22:47:43.665433
161,"Walton, Anderson and Collier",fjensen@example.org,2025-07-25,Mid-Market,Latin America,2026-01-06 22:47:43.665433
162,Watkins PLC,nwhite@example.net,2024-08-23,SMB,Europe,2026-01-06 22:47:43.665433
163,Jordan-Potts,edwardscody@example.net,2025-03-20,Mid-Market,Asia Pacific,2026-01-06 22:47:43.665433
164,"Hernandez, Sellers and Mcneil",vward@example.com,2024-09-10,Mid-Market,Asia Pacific,2026-01-06 22:47:43.665433
165,"Fields, Cole and Robinson",tgray@example.net,2025-11-07,Enterprise,Latin America,2026-01-06 22:47:43.665433
166,"Evans, Stevens and Cameron",wintersdennis@example.com,2025-02-18,SMB,Latin America,2026-01-06 22:47:43.665433
167,"Miller, Carr and Johnson",gramirez@example.net,2024-10-28,SMB,Europe,2026-01-06 22:47:43.665433
168,Sanders and Sons,qhill@example.net,2024-06-22,SMB,Asia Pacific,2026-01-06 22:47:43.665433
169,Marsh-Bright,kellyjay@example.com,2024-02-21,SMB,North America,2026-01-06 22:47:43.665433
170,Smith-Walters,donnanelson@example.net,2025-09-09,Mid-Market,Europe,2026-01-06 22:47:43.665433
171,Donovan-Taylor,coryliu@example.org,2025-10-14,Enterprise,Europe,2026-01-06 22:47:43.665433
172,Brandt-Hodge,hhartman@example.com,2024-08-31,SMB,North America,2026-01-06 22:47:43.665433
173,Sanders-Watson,annaedwards@example.com,2024-02-01,SMB,Asia Pacific,2026-01-06 22:47:43.665433
174,Maldonado-Morgan,silvamegan@example.net,2025-01-25,SMB,Latin America,2026-01-06 22:47:43.665433
175,"Benitez, Arnold and Melton",kaitlyn85@example.net,2024-01-08,SMB,North America,2026-01-06 22:47:43.665433
176,"Poole, Gonzalez and Schmidt",craiggriffin@example.org,2025-04-21,Mid-Market,Latin America,2026-01-06 22:47:43.665433
177,Rivera-Brown,ashleyrusso@example.com,2025-12-08,SMB,North America,2026-01-06 22:47:43.665433
178,Patterson-Kelly,bakerjordan@example.com,2025-06-14,SMB,North America,2026-01-06 22:47:43.665433
179,"Walker, Parks and Brewer",christopherbonilla@example.org,2024-02-27,SMB,North America,2026-01-06 22:47:43.665433
180,Miller-Smith,ericamartin@example.com,2024-10-20,SMB,Latin America,2026-01-06 22:47:43.665433
181,Kent-Rodriguez,gabrielbarnes@example.org,2025-03-30,Mid-Market,Latin America,2026-01-06 22:47:43.665433
182,"Spencer, Johnson and Bright",esanchez@example.org,2025-01-23,Mid-Market,Asia Pacific,2026-01-06 22:47:43.665433
183,Williams-Shelton,ulane@example.org,2025-09-03,SMB,Latin America,2026-01-06 22:47:43.665433
184,Johnson-Smith,lancenguyen@example.org,2024-06-25,SMB,Asia Pacific,2026-01-06 22:47:43.665433
185,Miller-Lopez,shawmatthew@example.net,2025-01-23,Mid-Market,Europe,2026-01-06 22:47:43.665433
186,Sims-Pierce,emartinez@example.net,2024-03-06,Enterprise,North America,2026-01-06 22:47:43.665433
187,"Dawson, Wright and Adams",julie38@example.org,2024-10-01,Mid-Market,Europe,2026-01-06 22:47:43.665433
188,Morgan Group,thompsonanna@example.net,2025-07-13,SMB,North America,2026-01-06 22:47:43.665433
189,White-Turner,jeffreymccarthy@example.org,2024-08-03,SMB,Europe,2026-01-06 22:47:43.665433
190,James Ltd,ericksonkristy@example.net,2025-09-25,Mid-Market,Latin America,2026-01-06 22:47:43.665433
191,"Chavez, Brooks and Reed",jonathanbooker@example.net,2025-09-27,SMB,Europe,2026-01-06 22:47:43.665433
192,Lopez PLC,orogers@example.org,2025-11-26,SMB,Latin America,2026-01-06 22:47:43.665433
193,Juarez PLC,tara30@example.org,2024-04-03,SMB,Asia Pacific,2026-01-06 22:47:43.665433
194,Leon Ltd,lwilson@example.org,2024-05-17,SMB,Asia Pacific,2026-01-06 22:47:43.665433
195,"Ross, Mercado and Castro",catherinebrown@example.org,2025-02-13,Mid-Market,North America,2026-01-06 22:47:43.665433
196,Gamble-Newton,swells@example.com,2025-05-03,SMB,Europe,2026-01-06 22:47:43.665433
197,"Fisher, Taylor and Cooper",cvargas@example.net,2025-04-07,SMB,Latin America,2026-01-06 22:47:43.665433
198,"Green, Moyer and Houston",bwalker@example.net,2024-12-19,SMB,Latin America,2026-01-06 22:47:43.665433
199,"Patel, Irwin and Houston",kayleelowe@example.net,2024-01-21,Mid-Market,North America,2026-01-06 22:47:43.665433
200,"Nguyen, Lee and Perez",michaelgallegos@example.org,2025-03-14,SMB,Latin America,2026-01-06 22:47:43.665433
201,Morales Inc,johnny24@example.com,2024-12-08,SMB,Asia Pacific,2026-01-06 22:47:43.665433
202,Tate-Gilmore,hamiltonanthony@example.org,2025-08-22,Mid-Market,Latin America,2026-01-06 22:47:43.665433
203,Ross-Brandt,alan14@example.com,2024-11-10,SMB,Latin America,2026-01-06 22:47:43.665433
204,Roy-Hamilton,amymartin@example.net,2024-03-15,Enterprise,Asia Pacific,2026-01-06 22:47:43.665433
205,Clark and Sons,debbiestevenson@example.org,2024-07-21,SMB,North America,2026-01-06 22:47:43.665433
206,Martinez-Reed,eduncan@example.net,2024-05-31,SMB,North America,2026-01-06 22:47:43.665433
207,Miller-Anderson,gmartinez@example.net,2024-01-05,SMB,Europe,2026-01-06 22:47:43.665433
208,Wilson-Marks,burnssean@example.net,2024-12-17,SMB,Europe,2026-01-06 22:47:43.665433
209,"Russell, Huynh and Martin",rdavis@example.com,2024-07-06,SMB,Asia Pacific,2026-01-06 22:47:43.665433
210,Brooks PLC,ewilliams@example.org,2024-10-29,SMB,Asia Pacific,2026-01-06 22:47:43.665433
211,Sampson PLC,omejia@example.net,2025-01-20,SMB,Europe,2026-01-06 22:47:43.665433
212,Thompson Ltd,burtonkatrina@example.net,2024-02-04,SMB,North America,2026-01-06 22:47:43.665433
213,Collins-Phillips,munozgregory@example.org,2024-06-06,SMB,Asia Pacific,2026-01-06 22:47:43.665433
214,Mcpherson-Bruce,samanthabeard@example.org,2024-09-16,SMB,Asia Pacific,2026-01-06 22:47:43.665433
215,Lopez-Hicks,barnettjacqueline@example.com,2024-01-12,SMB,Latin America,2026-01-06 22:47:43.665433
216,"Jones, Cooper and Mcdonald",donlewis@example.net,2024-03-30,SMB,Latin America,2026-01-06 22:47:43.665433
217,Crawford Inc,qrowe@example.org,2024-12-22,SMB,Europe,2026-01-06 22:47:43.665433
218,Murray Group,fitzgeraldrichard@example.org,2025-02-01,SMB,North America,2026-01-06 22:47:43.665433
219,Pollard Inc,nmoore@example.org,2025-05-15,SMB,Europe,2026-01-06 22:47:43.665433
220,White Inc,michaellee@example.org,2025-09-30,SMB,Europe,2026-01-06 22:47:43.665433
221,Cervantes-Clark,victoria75@example.net,2025-02-25,Mid-Market,Latin America,2026-01-06 22:47:43.665433
222,Strickland-Martin,frostbilly@example.org,2024-05-01,Mid-Market,Latin America,2026-01-06 22:47:43.665433
223,"Orozco, Gilmore and Porter",joseph63@example.org,2024-12-25,Enterprise,North America,2026-01-06 22:47:43.665433
224,"Reynolds, Bass and Gallegos",jonbuck@example.com,2024-10-28,SMB,North America,2026-01-06 22:47:43.665433
225,Ray LLC,alexandergray@example.com,2024-07-08,SMB,Europe,2026-01-06 22:47:43.665433
226,"Hart, Young and Franco",dfox@example.com,2024-07-18,Mid-Market,Europe,2026-01-06 22:47:43.665433
227,"Wright, Walsh and Mccormick",eduncan@example.org,2024-09-21,SMB,North America,2026-01-06 22:47:43.665433
228,Thompson and Sons,teresa68@example.com,2024-03-19,Enterprise,Asia Pacific,2026-01-06 22:47:43.665433
229,Boyer Ltd,jsimpson@example.net,2024-11-02,SMB,Europe,2026-01-06 22:47:43.665433
230,"Robles, Reilly and Roberts",samanthaespinoza@example.com,2025-07-06,SMB,Europe,2026-01-06 22:47:43.665433
231,Mason PLC,lauramora@example.com,2024-06-22,SMB,Latin America,2026-01-06 22:47:43.665433
232,"Mercado, Richards and Peterson",kristenpitts@example.org,2025-04-15,Mid-Market,Latin America,2026-01-06 22:47:43.665433
233,Taylor-Holmes,ofloyd@example.org,2024-12-13,Mid-Market,Asia Pacific,2026-01-06 22:47:43.665433
234,Reese Inc,kevin30@example.net,2025-05-16,Enterprise,North America,2026-01-06 22:47:43.665433
235,Gilbert Inc,christopher15@example.com,2024-08-25,Mid-Market,Asia Pacific,2026-01-06 22:47:43.665433
236,Howard LLC,richardsalexis@example.org,2025-01-28,Mid-Market,Europe,2026-01-06 22:47:43.665433
237,"Martinez, Miles and Willis",chadfranco@example.net,2025-05-19,SMB,North America,2026-01-06 22:47:43.665433
238,"Cochran, Reeves and Lindsey",jonathan49@example.com,2025-07-18,SMB,Latin America,2026-01-06 22:47:43.665433
239,Peters Inc,nancy80@example.com,2024-12-04,SMB,Asia Pacific,2026-01-06 22:47:43.665433
240,Harding Ltd,teresataylor@example.com,2025-03-15,SMB,North America,2026-01-06 22:47:43.665433
241,Thompson Ltd,eric39@example.org,2024-06-21,SMB,Europe,2026-01-06 22:47:43.665433
242,"Benjamin, Ballard and Glover",andrew83@example.net,2025-05-07,SMB,Asia Pacific,2026-01-06 22:47:43.665433
243,"Wilson, Stephenson and Moore",zwu@example.org,2025-12-14,SMB,Latin America,2026-01-06 22:47:43.665433
244,Mcdaniel-Bowen,whamilton@example.net,2024-06-01,Mid-Market,Asia Pacific,2026-01-06 22:47:43.665433
245,"Moore, Rodriguez and Sanders",seantorres@example.net,2024-09-16,SMB,North America,2026-01-06 22:47:43.665433
246,King-Harrison,clayton43@example.net,2024-11-30,SMB,North America,2026-01-06 22:47:43.665433
247,Lucas-Reynolds,yrodriguez@example.org,2025-01-13,SMB,Asia Pacific,2026-01-06 22:47:43.665433
248,Alvarado-Hickman,simmonsrussell@example.org,2025-12-27,SMB,North America,2026-01-06 22:47:43.665433
249,Sampson-Wright,heatherjackson@example.com,2024-05-12,Mid-Market,Latin America,2026-01-06 22:47:43.665433
250,"Jones, Smith and Price",laura59@example.org,2024-11-18,SMB,Latin America,2026-01-06 22:47:43.665433
251,"Watson, Jones and Fields",kevin60@example.org,2024-04-23,SMB,Asia Pacific,2026-01-06 22:47:43.665433
252,"Wilson, Cobb and Cook",jacksonjennifer@example.com,2025-07-15,SMB,North America,2026-01-06 22:47:43.665433
253,Becker LLC,justin65@example.org,2025-06-12,Enterprise,North America,2026-01-06 22:47:43.665433
254,Mcdaniel-Miller,regina74@example.org,2024-10-01,Mid-Market,Europe,2026-01-06 22:47:43.665433
255,Elliott and Sons,tabitha32@example.org,2025-06-28,SMB,Europe,2026-01-06 22:47:43.665433
256,Elliott Group,rachelmartin@example.com,2024-06-14,Mid-Market,Asia Pacific,2026-01-06 22:47:43.665433
257,"Klein, Bailey and Mcguire",lucasanthony@example.org,2024-02-22,SMB,Latin America,2026-01-06 22:47:43.665433
258,"Stewart, Cox and Anderson",saracarr@example.net,2024-02-12,SMB,North America,2026-01-06 22:47:43.665433
259,"Edwards, Oliver and Mcgee",james99@example.net,2024-07-26,SMB,North America,2026-01-06 22:47:43.665433
260,"Carpenter, Campbell and Garcia",lstevens@example.net,2024-06-22,SMB,Asia Pacific,2026-01-06 22:47:43.665433
261,Hall and Sons,nancymahoney@example.org,2024-09-25,SMB,North America,2026-01-06 22:47:43.665433
262,Jimenez PLC,bli@example.net,2025-09-19,SMB,North America,2026-01-06 22:47:43.665433
263,Hamilton Ltd,thomasshannon@example.com,2025-09-06,Enterprise,North America,2026-01-06 22:47:43.665433
264,Acosta-Hamilton,izamora@example.net,2025-07-07,SMB,Europe,2026-01-06 22:47:43.665433
265,Mcmahon Ltd,cnorris@example.org,2025-11-17,Enterprise,Asia Pacific,2026-01-06 22:47:43.665433
266,French-Jackson,ramosthomas@example.org,2024-11-12,SMB,North America,2026-01-06 22:47:43.665433
267,"Roy, Harris and Cordova",shawnroth@example.net,2024-02-04,SMB,North America,2026-01-06 22:47:43.665433
268,Donaldson and Sons,kelly02@example.com,2025-12-08,SMB,North America,2026-01-06 22:47:43.665433
269,"Eaton, Cervantes and Hogan",ycox@example.com,2025-07-08,Mid-Market,North America,2026-01-06 22:47:43.665433
270,Greene PLC,thompsonmarcus@example.com,2024-11-23,Enterprise,Asia Pacific,2026-01-06 22:47:43.665433
271,Peters-Williams,douglas99@example.net,2025-07-16,Enterprise,North America,2026-01-06 22:47:43.665433
272,Li LLC,grayjesus@example.net,2025-06-06,Mid-Market,Latin America,2026-01-06 22:47:43.665433
273,"Johnson, Robbins and Davis",xcook@example.org,2025-04-02,SMB,North America,2026-01-06 22:47:43.665433
274,Hale LLC,vsalas@example.org,2024-12-17,Enterprise,Asia Pacific,2026-01-06 22:47:43.665433
275,Johnson PLC,tina98@example.org,2025-03-09,SMB,Latin America,2026-01-06 22:47:43.665433
276,Arias PLC,zdean@example.net,2025-11-19,Mid-Market,North America,2026-01-06 22:47:43.665433
277,"Ryan, Thomas and Green",annawebster@example.org,2024-05-15,SMB,North America,2026-01-06 22:47:43.665433
278,"Kelly, Williams and Hill",matthew88@example.net,2025-04-18,SMB,Europe,2026-01-06 22:47:43.665433
279,Chung PLC,john12@example.net,2024-08-26,SMB,Latin America,2026-01-06 22:47:43.665433
280,Richardson Inc,katherine32@example.com,2024-03-29,SMB,North America,2026-01-06 22:47:43.665433
281,Arnold Ltd,iwalker@example.com,2024-05-13,SMB,Europe,2026-01-06 22:47:43.665433
282,Jackson Ltd,fwhite@example.net,2024-11-22,SMB,North America,2026-01-06 22:47:43.665433
283,Ryan Group,manningkatrina@example.com,2025-12-10,SMB,North America,2026-01-06 22:47:43.665433
284,West LLC,julia67@example.com,2024-02-23,Mid-Market,Latin America,2026-01-06 22:47:43.665433
285,"Carter, Johnson and Jones",ronald26@example.net,2025-10-16,Mid-Market,North America,2026-01-06 22:47:43.665433
286,"Douglas, Pollard and Edwards",jessica29@example.com,2024-11-20,SMB,Europe,2026-01-06 22:47:43.665433
287,Blevins Inc,michaeldavis@example.org,2024-06-15,SMB,Asia Pacific,2026-01-06 22:47:43.665433
288,"Mejia, Huang and Deleon",jessicagordon@example.net,2025-02-16,SMB,Asia Pacific,2026-01-06 22:47:43.665433
289,Fisher-Lee,genejohnson@example.net,2024-10-31,SMB,Asia Pacific,2026-01-06 22:47:43.665433
290,Russell-Mcfarland,kristinbush@example.org,2025-12-12,SMB,Latin America,2026-01-06 22:47:43.665433
291,Thomas Ltd,robertwilliams@example.net,2025-02-01,SMB,North America,2026-01-06 22:47:43.665433
292,Garza-Allen,michaelwallace@example.net,2024-06-29,SMB,Asia Pacific,2026-01-06 22:47:43.665433
293,Gardner-Martinez,jessica56@example.net,2024-10-14,Mid-Market,Europe,2026-01-06 22:47:43.665433
294,"Garcia, Reyes and Anderson",douglas23@example.org,2024-03-29,Mid-Market,Europe,2026-01-06 22:47:43.665433
295,"Allen, Thompson and Mccarty",josephreed@example.com,2025-08-17,Mid-Market,Europe,2026-01-06 22:47:43.665433
296,Baker Ltd,christophersmith@example.org,2024-05-10,SMB,Europe,2026-01-06 22:47:43.665433
297,"Stevens, Bowman and West",twilliams@example.com,2024-06-22,SMB,Latin America,2026-01-06 22:47:43.665433
298,Morris-Turner,ericramirez@example.org,2024-08-21,SMB,North America,2026-01-06 22:47:43.665433
299,"Reynolds, Cooper and Anderson",gomezmichael@example.org,2025-12-23,SMB,Europe,2026-01-06 22:47:43.665433
300,Morris-Palmer,irangel@example.org,2024-02-24,Mid-Market,Europe,2026-01-06 22:47:43.665433
301,Rose Group,tashalee@example.com,2024-09-25,Mid-Market,North America,2026-01-06 22:47:43.665433
302,Banks-Nguyen,mark78@example.com,2025-05-20,SMB,Europe,2026-01-06 22:47:43.665433
303,"Hudson, Perry and Cherry",david49@example.org,2025-06-22,SMB,Latin America,2026-01-06 22:47:43.665433
304,Church-Contreras,michael02@example.net,2024-06-08,Mid-Market,Asia Pacific,2026-01-06 22:47:43.665433
305,Jimenez-Griffin,jryan@example.com,2025-05-24,Mid-Market,North America,2026-01-06 22:47:43.665433
306,"Rivera, Hall and Singh",cindy91@example.net,2024-11-10,SMB,Asia Pacific,2026-01-06 22:47:43.665433
307,Pope-Livingston,matthewclark@example.net,2025-04-17,Mid-Market,North America,2026-01-06 22:47:43.665433
308,"Lester, Randolph and Parks",zrobinson@example.net,2025-09-14,SMB,North America,2026-01-06 22:47:43.665433
309,Hayes-Price,stevenfuentes@example.net,2024-12-20,SMB,Europe,2026-01-06 22:47:43.665433
310,"Miller, Aguirre and Baird",jennifer71@example.net,2024-05-14,SMB,North America,2026-01-06 22:47:43.665433
311,"Hawkins, Davis and Vega",phudson@example.com,2025-03-15,Enterprise,North America,2026-01-06 22:47:43.665433
312,Jones-Peterson,johnyang@example.com,2025-06-26,SMB,Europe,2026-01-06 22:47:43.665433
313,Thomas and Sons,braunjacob@example.org,2025-11-18,SMB,Europe,2026-01-06 22:47:43.665433
314,Bell-Farrell,nicholas59@example.com,2024-03-03,Mid-Market,Asia Pacific,2026-01-06 22:47:43.665433
315,"Jackson, Petersen and Harris",kingsally@example.com,2025-11-09,Mid-Market,Asia Pacific,2026-01-06 22:47:43.665433
316,"Berg, Adams and Brooks",morgan27@example.net,2025-05-09,Mid-Market,Asia Pacific,2026-01-06 22:47:43.665433
317,Barrett-Turner,pbridges@example.net,2024-11-25,Mid-Market,Latin America,2026-01-06 22:47:43.665433
318,Collins-Johnson,vwells@example.net,2024-10-03,SMB,Europe,2026-01-06 22:47:43.665433
319,Miller PLC,melissaolsen@example.com,2025-08-19,Mid-Market,Asia Pacific,2026-01-06 22:47:43.665433
320,Jackson-Alvarez,patrickcody@example.org,2025-05-26,Mid-Market,North America,2026-01-06 22:47:43.665433
321,Evans LLC,bernard43@example.org,2025-12-24,SMB,Asia Pacific,2026-01-06 22:47:43.665433
322,Hall PLC,codyroberts@example.com,2024-01-05,SMB,Europe,2026-01-06 22:47:43.665433
323,Marshall Inc,samantha84@example.com,2024-06-30,Mid-Market,Latin America,2026-01-06 22:47:43.665433
324,Gonzales-Bennett,hharris@example.com,2025-06-22,Mid-Market,North America,2026-01-06 22:47:43.665433
325,"Jones, Marshall and Gardner",michaelavila@example.org,2025-11-13,SMB,Asia Pacific,2026-01-06 22:47:43.665433
326,Myers-Campbell,reynoldsmegan@example.org,2025-08-29,SMB,North America,2026-01-06 22:47:43.665433
327,Brooks-Melendez,jorge48@example.org,2024-11-18,SMB,Asia Pacific,2026-01-06 22:47:43.665433
328,"Mccall, Silva and Davidson",tammyherrera@example.net,2024-02-21,Enterprise,North America,2026-01-06 22:47:43.665433
329,Obrien and Sons,pagetiffany@example.com,2024-11-15,SMB,Latin America,2026-01-06 22:47:43.665433
330,Scott-Wolfe,uhernandez@example.com,2025-09-25,SMB,Europe,2026-01-06 22:47:43.665433
331,"Gutierrez, Anderson and Jones",michaeljones@example.net,2024-01-08,SMB,Asia Pacific,2026-01-06 22:47:43.665433
332,Roberts-Thomas,gpratt@example.org,2024-08-13,SMB,Latin America,2026-01-06 22:47:43.665433
333,Gray Group,elizabethjacobs@example.net,2024-01-04,SMB,Latin America,2026-01-06 22:47:43.665433
334,Pierce LLC,monica76@example.net,2024-03-30,SMB,Asia Pacific,2026-01-06 22:47:43.665433
335,Wu Group,doyletracy@example.com,2025-04-08,SMB,Europe,2026-01-06 22:47:43.665433
336,May Ltd,mwoodard@example.com,2024-11-16,SMB,Latin America,2026-01-06 22:47:43.665433
337,Johnson-Travis,zbullock@example.net,2024-07-27,SMB,Asia Pacific,2026-01-06 22:47:43.665433
338,Harris Group,brittanyreeves@example.net,2024-09-04,SMB,Latin America,2026-01-06 22:47:43.665433
339,"Harris, Green and Weaver",hhoward@example.net,2024-07-20,Enterprise,Latin America,2026-01-06 22:47:43.665433
340,Padilla Group,jamesmelendez@example.com,2025-01-17,SMB,North America,2026-01-06 22:47:43.665433
341,Hensley-Howard,ujones@example.org,2025-06-17,SMB,Asia Pacific,2026-01-06 22:47:43.665433
342,"Stark, Good and Bonilla",iortiz@example.org,2024-04-09,SMB,North America,2026-01-06 22:47:43.665433
343,"Mayer, Ochoa and Duncan",pjohnson@example.net,2025-08-02,Mid-Market,Latin America,2026-01-06 22:47:43.665433
344,Chen-Smith,mjohnson@example.com,2025-11-16,SMB,Latin America,2026-01-06 22:47:43.665433
345,Meyer-Cruz,melissa98@example.org,2025-03-03,SMB,Europe,2026-01-06 22:47:43.665433
346,Cervantes-Larson,scottdaniel@example.net,2025-03-03,SMB,Europe,2026-01-06 22:47:43.665433
347,Adkins and Sons,lisa18@example.com,2024-01-04,SMB,North America,2026-01-06 22:47:43.665433
348,Castro Group,andrea44@example.net,2025-03-08,Mid-Market,Asia Pacific,2026-01-06 22:47:43.665433
349,"Taylor, Gross and Pearson",kingdawn@example.org,2024-11-22,SMB,Europe,2026-01-06 22:47:43.665433
350,Oneill-Hawkins,randall72@example.net,2025-02-06,SMB,Asia Pacific,2026-01-06 22:47:43.665433
351,Simmons-Gutierrez,candaceavila@example.org,2024-06-26,Enterprise,North America,2026-01-06 22:47:43.665433
352,Mills LLC,stevenrichardson@example.net,2025-02-01,SMB,Latin America,2026-01-06 22:47:43.665433
353,Fernandez-Franklin,christopher87@example.com,2024-03-08,SMB,Latin America,2026-01-06 22:47:43.665433
354,Lewis-Greene,jonesalexis@example.net,2025-07-30,Enterprise,North America,2026-01-06 22:47:43.665433
355,Brown-Alvarado,lindsayellis@example.net,2024-11-04,Mid-Market,Asia Pacific,2026-01-06 22:47:43.665433
356,Foster-Velez,qbarnett@example.com,2024-08-05,Mid-Market,North America,2026-01-06 22:47:43.665433
357,Moore-Hall,matthew34@example.org,2024-10-23,SMB,Asia Pacific,2026-01-06 22:47:43.665433
358,Anderson PLC,toddrobinson@example.net,2025-01-03,SMB,Latin America,2026-01-06 22:47:43.665433
359,"Perry, Smith and Fitzpatrick",yangbeth@example.net,2025-12-17,Mid-Market,Europe,2026-01-06 22:47:43.665433
360,"Wolfe, Davis and Melendez",xwells@example.com,2025-03-14,Mid-Market,Asia Pacific,2026-01-06 22:47:43.665433
361,Elliott Ltd,zschwartz@example.org,2025-05-29,SMB,Europe,2026-01-06 22:47:43.665433
362,Williams-Dalton,torresbarbara@example.net,2024-03-05,SMB,Asia Pacific,2026-01-06 22:47:43.665433
363,Park-Young,moorematthew@example.org,2025-01-02,Mid-Market,Europe,2026-01-06 22:47:43.665433
364,Johnson Ltd,michaelday@example.net,2025-02-13,SMB,Asia Pacific,2026-01-06 22:47:43.665433
365,Avila-Roberts,suttonkimberly@example.net,2024-06-03,Mid-Market,Asia Pacific,2026-01-06 22:47:43.665433
366,Thompson PLC,john90@example.com,2025-11-10,SMB,Latin America,2026-01-06 22:47:43.665433
367,"Peterson, Underwood and Colon",mitchellberry@example.com,2025-09-22,SMB,Latin America,2026-01-06 22:47:43.665433
368,Mills Ltd,johnsonrebecca@example.org,2025-08-09,Enterprise,Asia Pacific,2026-01-06 22:47:43.665433
369,Bowman-Ferrell,kgriffith@example.com,2024-01-08,Mid-Market,Asia Pacific,2026-01-06 22:47:43.665433
370,Jones Inc,gregory67@example.com,2024-05-13,Mid-Market,North America,2026-01-06 22:47:43.665433
371,Gardner PLC,jarednelson@example.com,2024-03-05,SMB,Europe,2026-01-06 22:47:43.665433
372,"Carr, Todd and Lloyd",jonestroy@example.com,2024-11-10,Mid-Market,North America,2026-01-06 22:47:43.665433
373,Boone-Cook,mark44@example.org,2024-06-04,Mid-Market,Latin America,2026-01-06 22:47:43.665433
374,"Brooks, Scott and Bailey",davistrevor@example.com,2024-12-31,Enterprise,Asia Pacific,2026-01-06 22:47:43.665433
375,Henry-Terrell,qconley@example.net,2025-12-15,SMB,Europe,2026-01-06 22:47:43.665433
376,Murphy-Green,sarah67@example.org,2025-12-29,Mid-Market,North America,2026-01-06 22:47:43.665433
377,Suarez-Kerr,crystalwade@example.com,2025-02-17,SMB,North America,2026-01-06 22:47:43.665433
378,Butler-Robbins,kristinawise@example.net,2025-08-31,SMB,Europe,2026-01-06 22:47:43.665433
379,Ruiz PLC,ubrown@example.org,2024-05-11,SMB,Europe,2026-01-06 22:47:43.665433
380,Ramirez-Lamb,anitaprince@example.org,2025-01-16,SMB,Europe,2026-01-06 22:47:43.665433
381,Bush-Davis,spencermegan@example.org,2025-09-19,Mid-Market,Asia Pacific,2026-01-06 22:47:43.665433
382,"Woods, Nash and Ayers",martinezjoseph@example.net,2025-09-21,SMB,Asia Pacific,2026-01-06 22:47:43.665433
383,Mclaughlin LLC,tsimmons@example.org,2025-11-14,SMB,North America,2026-01-06 22:47:43.665433
384,King-Tran,huntjoseph@example.org,2025-12-24,SMB,North America,2026-01-06 22:47:43.665433
385,"Reilly, Hill and Ramirez",carrie94@example.org,2024-10-09,SMB,Latin America,2026-01-06 22:47:43.665433
386,Mcmillan-Jackson,anthony40@example.net,2024-06-08,SMB,Europe,2026-01-06 22:47:43.665433
387,"Molina, Robertson and Wallace",ojacobson@example.com,2025-10-11,SMB,North America,2026-01-06 22:47:43.665433
388,Bennett Ltd,hwalker@example.org,2024-11-06,Mid-Market,Europe,2026-01-06 22:47:43.665433
389,"Lawrence, Vazquez and Christensen",jjensen@example.net,2024-07-03,Enterprise,Asia Pacific,2026-01-06 22:47:43.665433
390,"Vargas, Parker and Wilson",moorekelly@example.net,2025-05-15,SMB,North America,2026-01-06 22:47:43.665433
391,"Howard, Rivera and Hamilton",frank60@example.net,2025-10-11,Mid-Market,Europe,2026-01-06 22:47:43.665433
392,Berry-Fuentes,cday@example.net,2024-05-13,SMB,Europe,2026-01-06 22:47:43.665433
393,"Hood, Young and Osborne",michellejohns@example.com,2025-05-25,SMB,Europe,2026-01-06 22:47:43.665433
394,"Torres, Gates and Rodriguez",cruzkelly@example.net,2024-03-24,Mid-Market,Europe,2026-01-06 22:47:43.665433
395,"Garner, Wagner and Campos",josephroman@example.net,2025-02-18,SMB,Asia Pacific,2026-01-06 22:47:43.665433
396,Rodgers Group,andrewhayes@example.com,2025-05-20,SMB,Asia Pacific,2026-01-06 22:47:43.665433
397,"Edwards, Ross and Adams",powellbrad@example.com,2024-04-16,SMB,Latin America,2026-01-06 22:47:43.665433
398,Rasmussen-Solis,owensstephanie@example.com,2024-12-29,SMB,Asia Pacific,2026-01-06 22:47:43.665433
399,"Taylor, Washington and Duncan",davisrebecca@example.org,2025-06-12,SMB,Asia Pacific,2026-01-06 22:47:43.665433
400,Johnson-Nash,goliver@example.org,2025-01-02,SMB,Asia Pacific,2026-01-06 22:47:43.665433
401,Hayes-Holder,wbrennan@example.org,2024-11-13,SMB,Latin America,2026-01-06 22:47:43.665433
402,"Thomas, Lewis and Burton",danny82@example.net,2024-03-10,SMB,Latin America,2026-01-06 22:47:43.665433
403,Smith Inc,johnsonrobert@example.com,2025-12-10,SMB,Latin America,2026-01-06 22:47:43.665433
404,"Hamilton, Klein and Mccann",courtneymeyer@example.net,2024-12-13,Mid-Market,Europe,2026-01-06 22:47:43.665433
405,"Thompson, Miller and Cooper",paulabenton@example.org,2025-08-21,Mid-Market,Latin America,2026-01-06 22:47:43.665433
406,"Thomas, Cortez and Gomez",sarahallen@example.com,2024-06-12,SMB,North America,2026-01-06 22:47:43.665433
407,Hansen PLC,kryan@example.org,2025-05-20,Mid-Market,North America,2026-01-06 22:47:43.665433
408,Frost-Ballard,qbullock@example.org,2024-03-28,Mid-Market,Latin America,2026-01-06 22:47:43.665433
409,Brown-Baker,leonarddavid@example.com,2024-01-21,Enterprise,Europe,2026-01-06 22:47:43.665433
410,"Hardin, Gates and Cross",amandadavid@example.com,2025-03-05,SMB,North America,2026-01-06 22:47:43.665433
411,Obrien PLC,laurengarza@example.com,2025-06-30,SMB,Asia Pacific,2026-01-06 22:47:43.665433
412,Lowe LLC,fernandezmelissa@example.com,2024-12-28,Mid-Market,Asia Pacific,2026-01-06 22:47:43.665433
413,"Le, Lee and Thomas",youngjoel@example.net,2024-01-18,Enterprise,Europe,2026-01-06 22:47:43.665433
414,"Ramirez, Lopez and Reynolds",walkerthomas@example.net,2025-03-19,SMB,Europe,2026-01-06 22:47:43.665433
415,"Dennis, Ramirez and Bailey",amytaylor@example.org,2025-05-03,SMB,Europe,2026-01-06 22:47:43.665433
416,Hubbard Ltd,lindsey85@example.net,2024-06-23,Mid-Market,Europe,2026-01-06 22:47:43.665433
417,"Rodriguez, Flowers and Price",nicholas05@example.net,2025-08-14,SMB,North America,2026-01-06 22:47:43.665433
418,Mata Group,irobinson@example.com,2024-07-15,Enterprise,Europe,2026-01-06 22:47:43.665433
419,"Moore, Hernandez and Jenkins",lucas14@example.com,2024-04-28,SMB,North America,2026-01-06 22:47:43.665433
420,Watkins-Petty,hballard@example.com,2024-11-11,SMB,Asia Pacific,2026-01-06 22:47:43.665433
421,Snow-Strong,joshua03@example.net,2024-11-15,SMB,Asia Pacific,2026-01-06 22:47:43.665433
422,Mitchell Group,rodneybarnes@example.net,2025-01-01,SMB,Europe,2026-01-06 22:47:43.665433
423,Mathis-Fox,markreynolds@example.org,2024-03-03,Enterprise,Europe,2026-01-06 22:47:43.665433
424,Wilson-Galvan,campbellkimberly@example.net,2025-02-20,SMB,Latin America,2026-01-06 22:47:43.665433
425,Paul-Wyatt,brownedward@example.org,2025-06-26,Enterprise,Latin America,2026-01-06 22:47:43.665433
426,"Collins, Johnson and Brown",tyler31@example.org,2024-08-03,Mid-Market,Asia Pacific,2026-01-06 22:47:43.665433
427,Allen-Miranda,sandramathis@example.com,2024-06-21,SMB,Latin America,2026-01-06 22:47:43.665433
428,Coleman-Morse,lyonsangela@example.net,2025-09-14,SMB,Asia Pacific,2026-01-06 22:47:43.665433
429,Mcdonald-Greer,gouldpaul@example.com,2024-04-14,SMB,Europe,2026-01-06 22:47:43.665433
430,"Rodriguez, Wright and Christian",boydrobert@example.org,2025-09-11,Mid-Market,Latin America,2026-01-06 22:47:43.665433
431,Dickerson Group,crosbytimothy@example.net,2025-09-18,SMB,Latin America,2026-01-06 22:47:43.665433
432,Jenkins Group,deborah09@example.net,2024-03-18,Mid-Market,Europe,2026-01-06 22:47:43.665433
433,"Mitchell, Smith and Wilson",amymiller@example.net,2024-01-06,Mid-Market,Europe,2026-01-06 22:47:43.665433
434,Gould Group,baxterchad@example.com,2025-09-02,SMB,Latin America,2026-01-06 22:47:43.665433
435,"Young, Rodriguez and Manning",martinezkristina@example.net,2025-12-07,SMB,North America,2026-01-06 22:47:43.665433
436,Foley Inc,luisjones@example.net,2025-03-11,SMB,North America,2026-01-06 22:47:43.665433
437,Parks-Morris,todd79@example.com,2024-03-26,Enterprise,North America,2026-01-06 22:47:43.665433
438,Grant Group,gonzalesamber@example.net,2025-01-25,SMB,North America,2026-01-06 22:47:43.665433
439,Cobb-Sanchez,jasonevans@example.org,2024-07-13,SMB,North America,2026-01-06 22:47:43.665433
440,"Gonzalez, Jones and Schroeder",lori89@example.net,2024-09-12,SMB,North America,2026-01-06 22:47:43.665433
441,"Olson, Anderson and Ramirez",benjamin92@example.org,2025-06-08,Enterprise,North America,2026-01-06 22:47:43.665433
442,Poole PLC,sullivaneileen@example.net,2025-09-03,SMB,Asia Pacific,2026-01-06 22:47:43.665433
443,Bailey and Sons,wray@example.org,2024-09-28,SMB,Latin America,2026-01-06 22:47:43.665433
444,"Hudson, Rhodes and Hill",gpetersen@example.com,2024-12-01,SMB,North America,2026-01-06 22:47:43.665433
445,"Walker, Brandt and Delgado",laurenbond@example.com,2024-08-11,Mid-Market,Asia Pacific,2026-01-06 22:47:43.665433
446,Pollard Group,schmittjeanne@example.net,2024-04-21,Mid-Market,Asia Pacific,2026-01-06 22:47:43.665433
447,Benitez and Sons,josephmorris@example.org,2024-01-18,Mid-Market,Asia Pacific,2026-01-06 22:47:43.665433
448,"Howe, Santiago and Hampton",ethanmacdonald@example.com,2024-05-12,Mid-Market,Asia Pacific,2026-01-06 22:47:43.665433
449,"Castro, Chapman and Brown",smithchristina@example.com,2024-08-25,Mid-Market,Latin America,2026-01-06 22:47:43.665433
450,Davis PLC,zacharymiller@example.org,2024-03-22,Mid-Market,Europe,2026-01-06 22:47:43.665433
451,Jackson-Oneill,christensenfrancisco@example.com,2024-08-31,SMB,Latin America,2026-01-06 22:47:43.665433
452,"Diaz, Ramsey and Lara",dustin04@example.com,2024-05-13,SMB,Europe,2026-01-06 22:47:43.665433
453,Wright Ltd,gilbertgreer@example.org,2025-01-12,Enterprise,Asia Pacific,2026-01-06 22:47:43.665433
454,Price-Clark,rodriguezpeter@example.com,2024-03-01,SMB,Asia Pacific,2026-01-06 22:47:43.665433
455,Palmer-Saunders,flemingrichard@example.net,2024-04-24,SMB,North America,2026-01-06 22:47:43.665433
456,Thompson-Ortiz,michael62@example.com,2024-04-11,SMB,Latin America,2026-01-06 22:47:43.665433
457,Jackson-Gutierrez,mikaylaking@example.net,2025-02-28,SMB,Asia Pacific,2026-01-06 22:47:43.665433
458,Cooley-Carpenter,emilygardner@example.com,2024-06-14,Mid-Market,Latin America,2026-01-06 22:47:43.665433
459,"Phillips, Rivera and Martinez",barkermary@example.com,2025-07-31,SMB,Latin America,2026-01-06 22:47:43.665433
460,"Brown, Holt and Thomas",osanchez@example.net,2025-01-29,Mid-Market,Asia Pacific,2026-01-06 22:47:43.665433
461,Harris-Mcconnell,peter54@example.com,2025-03-18,SMB,Europe,2026-01-06 22:47:43.665433
462,Klein Ltd,gcooper@example.net,2025-10-26,SMB,Asia Pacific,2026-01-06 22:47:43.665433
463,Buckley Ltd,belinda14@example.org,2024-10-24,Mid-Market,Latin America,2026-01-06 22:47:43.665433
464,Smith Inc,julianhodge@example.org,2025-01-01,Mid-Market,Latin America,2026-01-06 22:47:43.665433
465,Bishop-Bryant,monica35@example.com,2025-05-19,Mid-Market,North America,2026-01-06 22:47:43.665433
466,Edwards Ltd,williammcgrath@example.net,2024-08-01,SMB,North America,2026-01-06 22:47:43.665433
467,Anderson and Sons,griffithjulie@example.com,2025-11-05,SMB,North America,2026-01-06 22:47:43.665433
468,Thompson LLC,justin76@example.org,2024-03-04,SMB,North America,2026-01-06 22:47:43.665433
469,Singh Group,mathewshaley@example.net,2025-04-28,SMB,Europe,2026-01-06 22:47:43.665433
470,"Miller, Taylor and Zamora",sharonmcdonald@example.com,2025-02-14,SMB,Asia Pacific,2026-01-06 22:47:43.665433
471,Martinez-Mitchell,sandrews@example.org,2024-10-17,Mid-Market,Latin America,2026-01-06 22:47:43.665433
472,Hines Group,stephanie22@example.org,2024-12-22,SMB,Latin America,2026-01-06 22:47:43.665433
473,Singh-Levine,hintonkevin@example.net,2025-03-10,SMB,Europe,2026-01-06 22:47:43.665433
474,Johnson-Russell,russelljessica@example.net,2024-05-25,Mid-Market,Asia Pacific,2026-01-06 22:47:43.665433
475,"Casey, Lynch and Harris",jillianosborn@example.org,2024-08-11,Mid-Market,Asia Pacific,2026-01-06 22:47:43.665433
476,Price PLC,elizabethzimmerman@example.com,2025-07-31,SMB,North America,2026-01-06 22:47:43.665433
477,"Leach, Benton and Poole",youngmadison@example.net,2025-12-15,SMB,Europe,2026-01-06 22:47:43.665433
478,"Lucero, Walker and Davis",lauren63@example.com,2024-04-15,Mid-Market,North America,2026-01-06 22:47:43.665433
479,Wright-Lawrence,andrewking@example.com,2024-02-14,SMB,Asia Pacific,2026-01-06 22:47:43.665433
480,Collins-Cooper,mitchellashley@example.net,2024-07-09,SMB,Europe,2026-01-06 22:47:43.665433
481,Jones-Preston,tpennington@example.net,2025-02-24,SMB,Latin America,2026-01-06 22:47:43.665433
482,"Williams, Mcguire and Hall",hopkinsdanielle@example.org,2025-04-07,Mid-Market,North America,2026-01-06 22:47:43.665433
483,"Bates, Stone and Johnson",heathdavid@example.com,2024-01-19,Mid-Market,Latin America,2026-01-06 22:47:43.665433
484,Bryant-Allen,kenneth03@example.net,2024-03-28,Enterprise,Asia Pacific,2026-01-06 22:47:43.665433
485,Campbell LLC,josephbarr@example.net,2025-12-19,Mid-Market,Asia Pacific,2026-01-06 22:47:43.665433
486,"Jackson, Cruz and Humphrey",paulwaller@example.net,2024-04-16,SMB,North America,2026-01-06 22:47:43.665433
487,Frederick and Sons,jay78@example.com,2024-03-09,Mid-Market,Latin America,2026-01-06 22:47:43.665433
488,Delacruz Ltd,angelareilly@example.com,2025-01-12,Enterprise,Europe,2026-01-06 22:47:43.665433
489,Jones-Scott,johnsanchez@example.net,2024-12-07,Enterprise,Latin America,2026-01-06 22:47:43.665433
490,"Avila, Coleman and Harding",kennethspencer@example.net,2024-12-26,SMB,Europe,2026-01-06 22:47:43.665433
491,"Ross, Morse and Parker",ushelton@example.net,2025-03-16,SMB,Asia Pacific,2026-01-06 22:47:43.665433
492,"Parks, Elliott and Myers",justincooke@example.net,2025-07-27,SMB,Asia Pacific,2026-01-06 22:47:43.665433
493,Cook-Mclaughlin,kara01@example.net,2025-09-19,Mid-Market,Europe,2026-01-06 22:47:43.665433
494,Malone-Newton,wrightbradley@example.com,2025-04-03,SMB,Asia Pacific,2026-01-06 22:47:43.665433
495,Roberts Inc,tayloraustin@example.com,2024-10-10,SMB,Asia Pacific,2026-01-06 22:47:43.665433
496,Delacruz-Morrison,jason19@example.org,2024-02-11,Mid-Market,Europe,2026-01-06 22:47:43.665433
497,Kelly-Fields,tgonzales@example.org,2025-09-21,SMB,Latin America,2026-01-06 22:47:43.665433
498,Wood-Bush,pberg@example.com,2024-12-12,Mid-Market,Asia Pacific,2026-01-06 22:47:43.665433
499,"Norris, Pollard and Holt",vsmith@example.net,2025-02-07,Enterprise,Asia Pacific,2026-01-06 22:47:43.665433
500,Davis Inc,mschneider@example.com,2025-04-13,SMB,Latin America,2026-01-06 22:47:43.665433
